Datetime,Water Level (m)
2025-11-18 06:00:00,-0.1456728
2025-11-18 07:00:00,0.010552537
2025-11-18 08:00:00,0.24145044
2025-11-18 09:00:00,0.4181041
2025-11-18 10:00:00,0.54754215
2025-11-18 11:00:00,0.5622608
2025-11-18 12:00:00,0.456001
2025-11-18 13:00:00,0.28754264
2025-11-18 14:00:00,0.16391698
2025-11-18 15:00:00,0.063720405
2025-11-18 16:00:00,-0.00835479
2025-11-18 17:00:00,-0.06666576
2025-11-18 18:00:00,-0.0980574
2025-11-18 19:00:00,0.07441416
2025-11-18 20:00:00,0.37039086
2025-11-18 21:00:00,0.6017858
2025-11-18 22:00:00,0.771618
2025-11-18 23:00:00,0.8514274
2025-11-19 00:00:00,0.798682
2025-11-19 01:00:00,0.6134894
2025-11-19 02:00:00,0.428804
2025-11-19 03:00:00,0.3001462
2025-11-19 04:00:00,0.2099148
2025-11-19 05:00:00,0.14372753
2025-11-19 06:00:00,0.079833016
2025-11-19 07:00:00,0.046831977
2025-11-19 08:00:00,0.2102628
2025-11-19 09:00:00,0.46472797
2025-11-19 10:00:00,0.67552423
2025-11-19 11:00:00,0.7696382
2025-11-19 12:00:00,0.7357401
2025-11-19 13:00:00,0.57205796
2025-11-19 14:00:00,0.4175609
2025-11-19 15:00:00,0.28712344
2025-11-19 16:00:00,0.18455403
2025-11-19 17:00:00,0.10413736
2025-11-19 18:00:00,0.04139616
2025-11-19 19:00:00,0.04551623
2025-11-19 20:00:00,0.30094722
2025-11-19 21:00:00,0.5788917
2025-11-19 22:00:00,0.81639236
2025-11-19 23:00:00,0.9520961
2025-11-20 00:00:00,0.9858009
2025-11-20 01:00:00,0.8515045
2025-11-20 02:00:00,0.640827
2025-11-20 03:00:00,0.48904166
2025-11-20 04:00:00,0.36208507
2025-11-20 05:00:00,0.27329478
2025-11-20 06:00:00,0.19949841
2025-11-20 07:00:00,0.13613464
2025-11-20 08:00:00,0.1448432
2025-11-20 09:00:00,0.37527055
2025-11-20 10:00:00,0.61211294
2025-11-20 11:00:00,0.7862955
2025-11-20 12:00:00,0.8148258
2025-11-20 13:00:00,0.7060286
2025-11-20 14:00:00,0.5391637
2025-11-20 15:00:00,0.3963719
2025-11-20 16:00:00,0.27668592
2025-11-20 17:00:00,0.18453437
2025-11-20 18:00:00,0.10766144
2025-11-20 19:00:00,0.05632156
2025-11-20 20:00:00,0.16189934
2025-11-20 21:00:00,0.45487905
2025-11-20 22:00:00,0.7263324
2025-11-20 23:00:00,0.91970575
2025-11-21 00:00:00,1.0176761
2025-11-21 01:00:00,0.97165614
2025-11-21 02:00:00,0.7701409
2025-11-21 03:00:00,0.58991987
2025-11-21 04:00:00,0.4483231
2025-11-21 05:00:00,0.33811656
2025-11-21 06:00:00,0.25829875
2025-11-21 07:00:00,0.1857234
2025-11-21 08:00:00,0.13356428
2025-11-21 09:00:00,0.23348689
2025-11-21 10:00:00,0.48025772
2025-11-21 11:00:00,0.7028606
2025-11-21 12:00:00,0.8109602
2025-11-21 13:00:00,0.7798119
2025-11-21 14:00:00,0.6246771
2025-11-21 15:00:00,0.47212112
2025-11-21 16:00:00,0.3394808
2025-11-21 17:00:00,0.23540483
2025-11-21 18:00:00,0.14986436
2025-11-21 19:00:00,0.0807842
2025-11-21 20:00:00,0.064963326
2025-11-21 21:00:00,0.29412848
2025-11-21 22:00:00,0.5798863
2025-11-21 23:00:00,0.83015597
2025-11-22 00:00:00,0.974705
2025-11-22 01:00:00,1.0196128
2025-11-22 02:00:00,0.8908668
2025-11-22 03:00:00,0.6784304
2025-11-22 04:00:00,0.52432424
2025-11-22 05:00:00,0.3937858
2025-11-22 06:00:00,0.30013576
2025-11-22 07:00:00,0.2251885
2025-11-22 08:00:00,0.1590854
2025-11-22 09:00:00,0.14456296
2025-11-22 10:00:00,0.34086376
2025-11-22 11:00:00,0.5660239
2025-11-22 12:00:00,0.75072044
2025-11-22 13:00:00,0.78190255
2025-11-22 14:00:00,0.6806136
2025-11-22 15:00:00,0.52364165
2025-11-22 16:00:00,0.38372204
2025-11-22 17:00:00,0.2665412
2025-11-22 18:00:00,0.17557108
2025-11-22 19:00:00,0.09926634
2025-11-22 20:00:00,0.045327242
2025-11-22 21:00:00,0.120671004
2025-11-22 22:00:00,0.40469924
2025-11-22 23:00:00,0.67841107
2025-11-23 00:00:00,0.882626
2025-11-23 01:00:00,0.98634183
2025-11-23 02:00:00,0.9573495
2025-11-23 03:00:00,0.7644571
2025-11-23 04:00:00,0.58239824
2025-11-23 05:00:00,0.4398188
2025-11-23 06:00:00,0.32696694
2025-11-23 07:00:00,0.24820763
2025-11-23 08:00:00,0.17532142
2025-11-23 09:00:00,0.119156994
2025-11-23 10:00:00,0.16170178
2025-11-23 11:00:00,0.37491843
2025-11-23 12:00:00,0.5916308
2025-11-23 13:00:00,0.724387
2025-11-23 14:00:00,0.704027
2025-11-23 15:00:00,0.57012045
2025-11-23 16:00:00,0.42582092
2025-11-23 17:00:00,0.29764804
2025-11-23 18:00:00,0.19604795
2025-11-23 19:00:00,0.110676065
2025-11-23 20:00:00,0.043921113
2025-11-23 21:00:00,0.015952995
2025-11-23 22:00:00,0.18752378
2025-11-23 23:00:00,0.45844072
2025-11-24 00:00:00,0.7090077
2025-11-24 01:00:00,0.8629235
2025-11-24 02:00:00,0.9153322
2025-11-24 03:00:00,0.80855304
2025-11-24 04:00:00,0.6056668
2025-11-24 05:00:00,0.4574441
2025-11-24 06:00:00,0.32817748
